Filename,Segment,WC,WPS,Sixltr,Dic,Funct,TotPron,PronPer,Yo,Nosotro,TuUtd,ElElla,Ellos,PronImp,Articulo,Verbos,VerbAux,Pasado,Present,Futuro,Adverb,Prepos,Conjunc,Negacio,Cuantif,Numeros,Maldec,verbYO,verbTU,verbNOS,verbosEL,verbELLOS,Subjuntiv,VosUtds,formal,informal,verbVos,Social,Familia,Amigos,Humanos,Afect,EmoPos,EmoNeg,Ansiedad,Enfado,Triste,MecCog,Insight,Causa,Discrep,Tentat,Certeza,Inhib,Incl,Excl,Percept,Ver,Oir,Sentir,Biolog,Cuerpo,Salud,Sexual,Ingerir,Relativ,Movim,Espacio,Tiempo,Trabajo,Logro,Placer,Hogar,Dinero,Relig,Muerte,Asentir,NoFluen,Relleno,AllPunc,Period,Comma,Colon,SemiC,QMark,Exclam,Dash,Quote,Apostro,Parenth,OtherP
jf01.txt,1,1027,"13,34","17,43","75,17","49,46","17,33","11,98","3,60","0,10","2,14","5,94","1,56","5,36","8,57","12,56","0,58","1,95","9,54","0,00","5,06","15,29","6,04","2,24","1,85","1,17","0,10","3,60","0,10","0,10","2,43","0,78","1,46","0,39","0,00","1,95","0,00","10,71","0,10","0,49","0,49","3,02","2,14","0,97","0,10","0,29","0,19","20,45","3,21","0,97","0,78","2,63","1,36","0,19","6,23","2,92","4,58","0,88","1,85","1,46","1,27","0,39","0,10","0,29","0,78","8,28","1,75","4,58","2,73","2,53","1,85","1,66","0,29","0,29","0,10","0,00","0,39","0,10","0,00","13,92","7,01","3,60","1,46","0,19","0,29","0,10","0,19","0,00","0,00","0,97","0,10"
jf012.txt,1,4021,"13,96","20,82","73,24","46,70","14,55","8,41","0,17","0,37","0,50","7,88","2,81","6,14","11,96","9,92","0,65","2,09","6,59","0,05","3,68","13,53","5,35","2,39","1,77","1,79","0,32","1,04","0,02","0,45","3,33","0,87","1,29","0,45","0,00","0,07","0,00","10,42","0,55","0,22","0,77","4,70","2,86","1,91","0,17","1,22","0,32","17,71","1,54","1,07","0,72","2,34","1,34","0,52","5,47","2,11","2,61","0,47","1,19","0,40","1,37","0,57","0,20","0,37","0,57","8,28","1,87","4,03","3,16","2,16","1,49","1,17","0,47","0,50","0,25","0,12","0,30","0,12","0,00","15,20","7,36","5,35","0,80","0,00","0,45","0,12","0,07","0,00","0,00","1,04","0,00"
jf02.txt,1,4021,"13,96","20,82","73,22","46,68","14,52","8,41","0,17","0,37","0,50","7,88","2,81","6,12","11,96","9,92","0,65","2,09","6,59","0,05","3,68","13,53","5,35","2,39","1,77","1,79","0,32","1,04","0,02","0,45","3,33","0,87","1,29","0,45","0,00","0,07","0,00","10,42","0,55","0,22","0,77","4,70","2,86","1,91","0,17","1,22","0,32","17,68","1,54","1,07","0,72","2,34","1,34","0,52","5,47","2,11","2,61","0,47","1,19","0,40","1,37","0,57","0,20","0,37","0,57","8,28","1,87","4,03","3,16","2,16","1,49","1,17","0,47","0,50","0,25","0,12","0,30","0,12","0,00","15,20","7,36","5,35","0,80","0,00","0,45","0,12","0,07","0,00","0,00","1,04","0,00"
jf03.txt,1,3928,"23,24","17,39","73,96","46,49","15,27","9,06","1,04","0,10","1,37","7,05","1,88","6,21","11,07","11,43","0,76","1,93","8,35","0,00","4,33","12,58","5,93","1,99","1,81","1,60","0,28","1,73","0,13","0,20","4,43","0,59","1,37","0,18","0,00","0,79","0,00","10,01","0,38","0,10","0,64","4,10","2,29","1,91","0,38","0,84","0,23","21,61","2,77","1,76","1,17","2,90","1,40","0,64","5,47","2,19","3,36","0,46","1,35","0,94","1,27","0,51","0,25","0,20","0,56","7,54","1,76","3,72","2,57","1,99","1,71","0,61","0,13","0,56","0,15","0,36","0,66","0,18","0,00","14,99","4,48","7,76","0,51","0,13","0,64","0,15","0,03","0,00","0,00","1,27","0,03"
jf04.txt,1,891,"27,00","17,06","80,02","45,79","16,05","8,08","0,79","0,34","0,45","7,07","2,58","7,97","9,65","12,91","1,01","0,90","10,77","0,00","5,39","11,22","6,06","2,81","1,57","3,03","0,00","1,57","0,00","0,56","5,61","0,90","1,46","0,34","0,00","0,00","0,00","13,02","1,23","0,34","2,47","5,39","2,02","3,14","0,22","2,24","0,22","25,70","3,14","3,37","2,02","3,37","1,57","0,00","4,15","1,80","2,58","1,46","0,56","0,22","1,01","0,11","0,22","0,34","0,45","6,40","2,24","3,59","2,02","1,23","0,90","0,22","0,11","1,12","0,00","0,00","0,00","0,11","0,00","19,53","6,29","7,97","0,67","0,00","0,45","0,11","0,00","3,37","0,22","0,45","0,00"
jf05.txt,1,199,"18,09","18,09","74,87","49,75","13,07","8,04","1,01","0,50","1,51","5,53","2,51","5,03","8,54","9,05","0,50","1,51","5,03","0,00","5,53","13,07","8,54","5,53","3,02","3,02","0,50","0,00","0,00","0,00","2,01","0,00","0,50","1,51","0,00","1,51","0,00","9,55","0,00","0,00","0,50","2,51","1,01","1,51","1,01","0,50","0,00","24,62","2,51","0,00","4,52","5,03","1,01","0,00","4,02","5,53","3,52","1,51","1,01","0,00","1,01","1,01","0,00","0,50","0,00","6,03","1,01","4,02","1,01","2,51","2,01","0,00","0,00","0,00","0,00","0,00","0,00","0,00","0,00","15,08","7,04","6,03","1,51","0,00","0,00","0,50","0,00","0,00","0,00","0,00","0,00"
jf06.txt,1,1399,"14,42","21,16","74,05","47,32","14,01","8,29","0,50","0,21","0,64","7,65","2,57","5,72","13,30","9,79","1,22","1,00","7,93","0,00","4,22","12,22","5,72","2,00","1,93","1,93","0,14","0,86","0,00","0,07","3,15","0,71","1,36","0,21","0,00","0,00","0,00","9,86","0,29","0,07","0,57","5,79","1,57","3,72","0,14","2,29","0,57","19,73","2,36","0,93","1,36","4,00","0,71","0,43","5,22","2,57","2,64","0,50","0,64","0,29","1,50","0,64","0,14","0,29","0,71","8,29","1,43","5,29","2,22","1,86","2,00","1,07","0,43","0,29","0,21","0,14","0,29","0,00","0,00","15,30","6,79","5,58","1,14","0,00","0,21","0,07","0,29","0,00","0,00","1,14","0,07"
jf07.txt,1,1326,"12,87","18,85","73,53","47,21","15,61","8,90","2,11","0,38","0,60","6,64","2,11","6,71","8,90","10,86","0,60","1,66","8,45","0,00","5,96","13,57","4,52","2,71","1,96","1,73","0,23","1,58","0,23","0,30","3,24","0,45","1,66","0,23","0,00","0,08","0,00","10,63","0,45","0,00","0,90","4,45","1,58","3,32","0,53","1,81","0,38","19,53","2,71","1,06","1,36","4,00","1,28","0,60","5,43","2,49","3,54","1,13","1,43","0,23","1,51","0,23","0,38","0,15","1,13","8,82","1,89","4,83","2,41","2,49","1,43","0,83","0,30","0,38","1,51","0,15","0,08","0,23","0,00","20,36","6,56","7,32","2,11","0,00","1,28","0,23","0,53","0,00","0,00","2,11","0,23"
jf08.txt,1,1549,"14,48","22,34","74,44","46,68","15,04","8,97","0,00","0,52","0,26","8,33","3,29","6,07","13,43","10,14","0,97","0,84","8,20","0,00","3,94","11,56","5,42","1,94","1,68","2,32","0,06","0,58","0,00","0,26","3,81","0,84","1,16","0,06","0,00","0,06","0,00","8,91","0,32","0,00","0,26","4,84","2,65","2,19","0,45","1,10","0,26","19,82","2,00","1,42","0,97","3,62","2,13","0,32","4,78","2,13","2,07","0,45","0,58","0,45","1,36","0,58","0,13","0,06","0,52","7,94","1,68","4,65","2,39","3,36","2,91","0,97","0,26","1,87","0,32","0,71","0,58","0,13","0,00","14,65","6,71","4,39","0,58","0,00","0,45","0,00","0,06","0,00","0,00","2,32","0,13"
jf09.txt,1,881,"33,88","25,54","66,06","44,49","13,39","8,17","0,00","0,00","0,00","8,17","1,93","5,22","16,00","6,81","0,79","2,27","3,63","0,00","2,38","15,10","3,18","0,91","0,79","1,93","0,11","0,45","0,00","0,00","2,27","0,11","1,48","0,00","0,00","0,00","0,00","5,56","0,68","0,00","0,68","3,97","2,04","1,70","0,11","1,25","0,34","15,21","1,82","1,25","0,57","0,91","1,02","0,91","6,13","1,14","1,25","0,34","0,23","0,34","0,79","0,34","0,11","0,45","0,57","7,95","2,27","4,31","2,27","2,27","2,16","0,57","0,34","0,45","0,45","0,23","0,11","0,00","0,00","9,99","3,06","6,81","0,11","0,00","0,00","0,00","0,00","0,00","0,00","0,00","0,00"
jf10.txt,1,1915,"18,96","21,15","73,00","46,74","15,04","8,56","1,51","0,21","0,84","6,58","1,88","6,48","11,70","10,55","0,99","1,83","7,89","0,00","3,50","12,32","6,11","1,67","1,51","2,40","0,26","1,72","0,05","0,00","2,87","0,99","1,25","0,16","0,00","0,37","0,00","8,51","0,16","0,05","0,42","4,23","2,35","2,04","0,05","0,73","0,57","20,99","3,45","1,51","1,57","3,24","1,46","0,26","6,01","2,19","2,19","0,26","1,04","0,37","1,20","0,52","0,26","0,26","0,57","7,94","1,78","5,01","1,78","2,77","1,62","0,73","0,05","0,57","0,10","0,10","0,42","0,21","0,00","13,47","5,07","4,60","0,73","0,89","0,37","0,00","0,16","0,00","0,00","1,67","0,00"
jf11.txt,1,4784,"8,71","14,03","75,21","47,58","15,55","10,43","1,71","0,31","1,80","7,34","1,96","5,12","11,25","11,81","0,69","1,86","8,86","0,00","5,35","12,29","5,20","3,01","1,61","2,57","0,61","2,57","0,33","0,25","3,70","0,82","1,23","0,23","0,02","1,07","0,00","9,24","0,52","0,10","0,31","3,47","2,11","1,28","0,06","0,84","0,13","19,08","2,86","0,94","1,23","3,53","1,34","0,25","4,93","2,42","3,91","1,57","1,25","0,61","2,26","1,42","0,19","0,33","0,71","8,44","2,49","3,68","2,63","2,07","2,28","0,52","0,50","0,69","0,06","0,23","0,48","0,27","0,00","19,57","10,83","5,00","1,05","0,00","1,57","0,21","0,04","0,00","0,00","0,88","0,00"
jf13.txt,1,425,"16,35","17,65","78,35","45,65","11,53","8,47","0,24","0,00","0,71","8,24","3,06","3,06","12,94","13,18","1,18","1,41","10,12","0,00","4,94","13,41","6,12","3,06","1,88","3,06","0,00","0,94","0,00","0,00","6,59","0,00","0,24","0,24","0,00","0,00","0,00","12,71","1,18","0,00","1,88","6,12","1,65","3,76","0,00","2,59","0,24","18,82","2,12","3,53","1,65","4,24","0,94","0,00","3,76","2,35","2,59","1,41","0,47","0,24","1,41","0,00","0,47","0,47","0,47","5,65","0,71","3,53","2,12","2,35","0,94","0,94","0,24","0,94","0,00","0,00","0,24","0,00","0,00","16,94","5,88","8,00","0,00","0,00","0,24","0,00","0,00","2,82","0,00","0,00","0,00"
jf14.txt,1,3380,"12,95","17,28","71,33","46,12","15,30","8,93","0,95","0,06","1,27","7,54","1,95","6,36","9,56","11,01","0,59","1,92","7,99","0,00","4,32","13,91","5,15","1,98","1,45","1,54","0,21","1,33","0,18","0,03","4,47","0,83","1,45","0,36","0,00","0,27","0,00","9,14","0,33","0,15","0,33","3,52","1,78","1,57","0,24","0,95","0,21","21,15","2,13","1,33","1,12","2,81","1,48","0,53","5,68","2,40","2,60","0,44","1,12","0,24","1,15","0,59","0,15","0,21","0,59","8,55","2,87","4,29","2,13","2,57","2,40","0,33","0,18","0,56","0,18","0,18","0,33","0,15","0,00","14,02","6,98","5,71","0,33","0,09","0,80","0,00","0,03","0,00","0,00","0,06","0,03"
jf15.txt,1,626,"16,05","18,37","74,92","41,37","14,70","7,99","0,32","0,32","0,48","7,67","2,40","6,71","9,27","12,14","1,60","0,48","10,06","0,00","5,43","11,18","4,31","3,83","1,60","2,56","0,00","1,28","0,00","0,32","5,91","0,80","0,64","0,16","0,00","0,00","0,00","11,34","1,76","0,32","1,12","5,11","2,24","2,56","0,00","2,08","0,16","21,88","2,72","2,24","1,92","2,72","0,80","0,00","3,99","1,76","2,40","1,60","0,48","0,32","0,80","0,16","0,32","0,32","0,16","5,75","1,28","3,51","1,60","1,92","1,12","0,32","0,16","1,12","0,00","0,00","0,16","0,00","0,00","19,49","5,43","8,63","0,64","0,00","0,80","0,32","0,00","3,51","0,16","0,00","0,00"
jf16.txt,1,4852,"8,81","14,12","75,14","47,57","15,54","10,43","1,69","0,31","1,79","7,38","2,00","5,11","11,29","11,75","0,68","1,90","8,78","0,00","5,32","12,32","5,19","2,97","1,61","2,60","0,60","2,54","0,33","0,25","3,65","0,80","1,22","0,23","0,02","1,05","0,00","9,23","0,52","0,10","0,31","3,44","2,08","1,26","0,06","0,82","0,12","19,04","2,84","0,93","1,22","3,50","1,36","0,25","4,95","2,39","3,87","1,57","1,24","0,60","2,23","1,40","0,19","0,33","0,70","8,62","2,54","3,69","2,76","2,10","2,29","0,52","0,49","0,68","0,06","0,23","0,47","0,27","0,00","19,44","10,70","5,01","1,03","0,00","1,57","0,21","0,04","0,00","0,00","0,87","0,02"
jf17.txt,1,1647,"14,71","15,66","77,60","49,67","14,57","7,95","0,24","0,12","1,15","7,47","2,37","6,62","12,93","11,96","0,67","1,70","9,35","0,00","4,80","11,23","8,86","1,94","2,25","1,76","0,06","1,40","0,00","0,30","4,49","0,97","1,40","0,18","0,00","0,12","0,00","9,29","0,24","0,00","0,30","2,55","0,97","1,34","0,06","0,73","0,24","21,80","1,88","1,46","1,03","2,98","1,09","0,06","5,59","2,61","3,83","1,40","1,21","0,12","5,16","3,76","0,12","0,24","4,37","7,41","1,82","3,58","2,55","1,34","1,76","0,24","0,12","0,55","0,12","0,24","0,36","0,43","0,00","18,52","6,68","10,93","0,49","0,06","0,06","0,06","0,00","0,00","0,00","0,24","0,00"
jf18.txt,1,1009,"25,87","16,95","81,57","46,58","15,86","8,13","0,89","0,30","0,59","7,14","2,48","7,73","9,12","13,18","1,09","0,79","11,00","0,00","6,05","11,10","6,44","3,37","1,88","3,17","0,00","1,59","0,00","0,69","5,65","1,29","1,49","0,20","0,00","0,00","0,00","13,68","1,19","0,30","2,08","4,96","2,48","2,48","0,00","1,78","0,20","26,26","3,07","3,37","1,98","3,67","1,88","0,00","3,87","2,08","2,87","1,39","0,79","0,40","0,99","0,10","0,30","0,30","0,40","6,64","2,28","3,57","2,08","1,09","0,99","0,20","0,10","1,09","0,00","0,00","0,10","0,10","0,00","16,45","6,14","8,62","0,50","0,10","0,40","0,10","0,00","0,20","0,00","0,40","0,00"
jf19.txt,1,7150,"13,54","20,92","70,21","45,13","12,95","8,78","0,27","0,35","0,60","7,93","2,81","4,17","12,31","8,42","0,78","1,58","5,94","0,03","3,47","14,53","4,57","2,04","1,57","2,59","0,13","1,06","0,01","0,31","2,66","0,62","1,01","0,50","0,06","0,11","0,00","9,94","0,46","0,07","0,60","3,65","2,00","1,92","0,13","0,95","0,25","17,05","2,21","0,76","1,10","2,88","1,44","0,49","4,78","2,14","2,56","0,55","0,94","0,39","1,13","0,36","0,20","0,20","0,56","7,76","1,86","3,87","2,50","2,27","1,97","0,81","0,43","0,53","0,18","0,52","0,32","0,18","0,00","16,48","6,83","5,93","1,16","0,03","0,90","0,15","0,11","0,00","0,00","1,09","0,28"
jf20.txt,1,1686,"24,79","18,03","71,59","45,31","13,70","8,13","0,53","0,24","0,59","7,12","1,78","5,58","13,82","9,91","0,89","1,78","7,24","0,00","4,33","13,11","4,21","2,61","1,13","2,37","0,42","1,36","0,18","0,18","4,15","0,77","1,07","0,12","0,00","0,24","0,00","7,71","0,24","0,12","0,77","3,56","2,49","0,89","0,12","0,42","0,42","17,02","1,25","0,53","0,89","2,02","1,19","0,12","4,92","1,78","2,31","0,30","0,89","0,12","2,25","1,30","0,24","0,59","1,30","9,96","1,66","6,17","2,61","2,79","1,72","0,89","0,24","0,47","0,30","0,12","0,24","0,00","0,00","10,38","4,03","5,16","0,59","0,42","0,00","0,00","0,00","0,00","0,00","0,12","0,06"
jl01.txt,1,523,"37,36","29,45","69,02","45,70","13,96","7,65","0,00","0,38","0,00","7,07","1,34","6,31","14,15","8,03","1,34","1,15","6,12","0,00","2,68","16,25","5,16","1,34","0,38","1,53","0,00","0,96","0,00","0,00","1,72","1,34","1,34","0,57","0,00","0,00","0,00","5,16","0,00","0,00","0,57","3,63","1,15","2,49","0,19","1,72","0,57","17,59","2,49","1,91","0,57","3,06","0,76","0,38","5,54","1,72","2,10","0,57","0,00","0,76","0,57","0,00","0,00","0,19","0,38","8,60","2,10","4,78","1,72","5,35","3,82","0,96","0,00","0,00","0,00","0,00","0,00","0,00","0,00","9,94","2,68","5,93","0,38","0,00","0,00","0,00","0,00","0,96","0,00","0,00","0,00"
jl02.txt,1,874,"34,96","22,65","72,08","45,42","12,59","5,95","0,11","0,11","0,11","5,72","1,95","6,64","11,56","11,56","0,92","2,40","8,24","0,00","2,86","14,87","4,69","1,03","1,72","3,55","0,00","0,80","0,46","0,23","3,20","2,06","1,14","0,23","0,00","0,00","0,00","7,21","0,46","0,23","0,23","2,86","1,37","1,26","0,11","1,14","0,00","17,96","1,83","1,60","0,92","1,26","1,14","0,46","5,38","1,60","2,63","0,46","1,14","0,69","0,80","0,23","0,00","0,11","0,46","7,67","1,37","5,03","1,49","5,26","3,43","0,69","0,00","2,63","0,34","0,11","0,34","0,11","0,00","12,24","2,97","6,52","0,11","0,46","0,00","0,00","0,46","0,80","0,11","0,23","0,57"
jl03.txt,1,420,"46,67","24,76","64,52","42,86","11,19","7,14","0,00","0,24","0,00","7,14","1,19","4,05","14,29","6,43","0,71","1,67","3,81","0,24","2,14","15,71","4,52","0,71","0,71","2,86","0,00","0,95","0,00","0,24","1,67","0,24","1,90","0,48","0,00","0,00","0,00","5,24","0,24","0,00","0,95","2,38","1,67","0,48","0,00","0,00","0,00","15,71","3,57","0,71","0,48","0,95","0,24","0,71","5,00","0,71","4,52","1,67","0,24","1,43","2,14","0,95","0,24","0,00","1,19","5,71","0,95","2,14","3,10","1,43","0,95","0,48","0,48","0,00","1,43","0,48","0,00","0,00","0,00","8,33","2,14","4,76","0,00","0,00","0,00","0,00","0,00","0,48","0,00","0,95","0,00"
jl04.txt,1,483,"40,25","23,40","65,22","42,86","14,91","8,70","0,21","0,21","0,00","7,87","1,86","6,21","13,25","8,70","0,41","1,24","7,04","0,00","3,11","12,84","5,38","0,83","0,41","0,83","0,00","0,62","0,00","0,41","1,24","0,62","1,45","0,83","0,00","0,00","0,00","6,42","0,83","0,00","0,00","2,90","1,66","1,24","0,21","0,21","0,41","17,39","1,66","1,24","0,83","0,83","0,83","0,00","7,66","0,83","1,86","0,41","0,41","0,21","0,83","0,21","0,00","0,00","0,62","6,00","1,24","2,90","2,48","7,25","3,93","0,83","0,83","1,24","0,21","0,00","0,00","0,00","0,00","8,28","2,48","5,80","0,00","0,00","0,00","0,00","0,00","0,00","0,00","0,00","0,00"
jl05.txt,1,348,"43,50","22,70","66,67","41,67","13,22","7,47","0,29","0,00","0,29","7,18","1,15","5,75","10,92","6,90","0,29","0,86","5,17","0,00","2,87","14,37","5,46","0,86","0,86","0,29","0,00","0,00","0,00","0,86","2,87","0,00","0,57","0,00","0,00","0,00","0,00","6,61","0,57","0,00","0,57","2,30","1,72","0,86","0,00","0,86","0,00","19,54","3,45","1,72","2,01","1,44","0,86","0,57","6,32","0,86","3,45","0,86","0,29","0,86","1,44","0,57","0,00","0,00","0,86","8,62","2,59","6,32","0,57","3,74","2,59","1,15","0,29","0,00","0,57","0,00","0,29","0,00","0,00","12,93","2,30","7,47","0,29","0,00","0,00","0,00","0,29","1,44","0,00","1,15","0,00"
jl06.txt,1,900,"45,00","23,44","69,67","47,11","14,22","6,89","0,22","0,22","0,33","6,67","2,11","7,33","13,56","9,00","0,67","1,33","6,78","0,00","3,00","14,44","4,56","1,22","1,22","2,00","0,00","0,44","0,00","0,11","3,33","0,44","0,78","0,44","0,00","0,00","0,00","6,89","0,11","0,00","0,22","2,33","0,89","0,67","0,11","0,33","0,00","18,89","2,67","1,22","1,11","1,78","1,00","0,33","6,22","1,56","2,00","0,56","0,44","0,56","0,67","0,22","0,33","0,00","0,22","7,44","1,22","4,22","2,00","2,56","2,33","0,67","0,33","0,33","0,44","0,00","0,11","0,00","0,00","13,44","2,22","6,33","0,44","0,33","0,00","0,00","0,00","2,44","0,11","1,56","0,00"
jl07.txt,1,764,"50,93","23,17","70,55","46,99","11,26","6,54","0,00","0,13","0,13","6,41","1,31","4,71","16,49","6,28","0,39","1,44","4,32","0,00","1,57","17,80","4,06","0,26","1,44","1,44","0,00","0,13","0,13","0,13","2,09","0,52","0,52","0,00","0,00","0,00","0,00","6,81","0,92","0,13","0,00","2,75","1,05","0,65","0,13","0,65","0,00","15,45","2,23","0,92","1,18","1,96","2,23","0,26","6,54","0,65","2,36","0,26","0,92","0,26","0,52","0,13","0,00","0,00","0,39","9,03","1,96","6,54","1,05","1,96","2,88","0,26","0,00","3,27","0,65","0,13","0,13","0,00","0,00","13,61","1,96","4,32","0,00","0,00","0,00","0,00","0,92","5,89","0,00","0,52","0,00"
jl08.txt,1,538,"38,43","25,28","64,87","45,54","12,45","6,69","0,19","0,19","0,00","6,51","2,79","5,76","14,13","5,02","0,00","0,74","3,53","0,00","2,60","15,99","2,79","0,93","0,74","1,86","0,00","0,56","0,00","0,37","0,56","0,00","0,93","0,00","0,00","0,00","0,00","5,76","0,00","0,19","0,00","1,86","0,93","0,56","0,00","0,37","0,19","18,77","3,72","0,74","0,56","1,86","0,56","0,00","6,51","1,67","0,74","0,37","0,00","0,00","1,12","0,93","0,00","0,00","0,19","7,43","1,49","4,28","1,67","3,53","4,28","0,56","0,19","0,37","1,12","0,00","0,19","0,00","0,00","14,50","2,60","6,69","0,37","0,00","0,00","0,00","0,00","3,35","0,00","1,49","0,00"
jl09.txt,1,845,"26,41","24,14","69,82","44,97","14,08","8,05","1,07","0,59","0,36","6,63","1,66","6,04","11,24","8,99","0,59","1,66","7,10","0,00","3,31","12,07","5,09","2,60","2,49","2,37","0,71","0,59","0,00","0,95","2,01","0,71","1,18","0,59","0,12","0,00","0,00","9,23","0,59","0,00","1,54","5,44","2,37","2,84","0,36","1,30","0,24","18,46","1,54","0,71","1,07","2,01","1,30","0,59","5,44","2,96","2,13","0,59","0,47","0,24","1,78","1,07","0,24","0,24","0,47","5,92","0,71","3,67","2,25","2,25","1,89","0,71","0,24","0,36","0,00","0,12","0,12","0,00","0,00","16,80","3,31","7,10","0,95","0,00","0,83","2,49","0,95","0,00","0,00","0,83","0,36"
jl10.txt,1,480,"43,64","27,29","69,58","44,17","11,67","7,08","0,00","0,00","0,00","6,88","1,46","4,58","15,21","8,12","0,62","1,04","6,04","0,00","1,88","16,67","4,17","0,00","0,83","3,96","0,00","0,42","0,00","0,21","1,67","0,62","1,25","0,42","0,00","0,00","0,00","6,25","0,42","0,42","0,62","2,92","3,12","0,21","0,00","0,00","0,00","16,46","2,08","2,71","0,00","0,83","1,46","0,00","7,08","0,42","1,88","0,21","0,42","0,42","0,83","0,00","0,00","0,00","0,83","9,79","1,67","6,25","2,50","4,58","3,96","2,92","0,42","0,62","0,00","0,00","0,42","0,00","0,00","8,75","2,71","5,21","0,00","0,00","0,00","0,00","0,00","0,00","0,00","0,83","0,00"
jl11.txt,1,368,"30,67","26,36","69,02","46,74","17,39","11,96","0,82","0,00","0,54","10,60","1,09","5,43","15,49","6,79","0,00","0,82","4,89","0,00","4,35","13,59","4,62","1,36","0,00","0,82","0,00","0,27","0,00","0,00","0,82","0,00","0,27","0,27","0,00","0,27","0,00","9,24","0,00","0,27","0,00","4,62","3,53","0,82","0,00","0,27","0,00","13,04","0,82","0,27","0,54","0,54","1,90","0,00","6,79","1,36","2,17","0,54","0,54","0,27","1,09","0,27","0,00","0,27","0,54","10,87","2,72","4,62","3,80","2,99","1,90","1,09","0,00","0,27","2,72","0,00","0,27","0,00","0,00","13,86","2,99","6,79","0,27","0,82","0,00","0,27","0,00","2,72","0,00","0,00","0,00"
jl12.txt,1,995,"24,27","20,30","66,33","45,43","13,87","8,64","0,20","0,10","0,90","8,04","2,11","5,23","12,46","9,35","0,40","1,21","6,13","0,00","2,41","14,47","5,33","1,31","1,41","2,21","0,10","0,30","0,30","0,00","1,81","0,60","1,31","0,00","0,00","0,40","0,00","8,24","0,70","0,00","0,50","0,80","0,60","0,30","0,00","0,30","0,00","19,60","3,22","0,80","1,11","1,91","1,31","0,90","5,73","1,51","2,21","0,00","0,80","0,90","1,01","0,30","0,20","0,00","0,50","6,53","1,21","4,32","1,01","2,01","1,11","0,40","0,20","1,91","0,00","0,10","0,10","0,00","0,00","17,39","3,92","5,43","0,80","0,00","0,60","0,00","0,00","3,52","1,01","1,61","0,50"
jl13.txt,1,372,"24,80","19,35","64,78","45,70","15,86","10,75","0,54","0,00","0,00","10,22","1,88","5,11","16,13","6,45","0,00","2,42","3,23","0,00","4,30","15,32","1,88","0,54","2,15","1,88","0,54","0,27","0,00","0,00","1,61","0,27","0,54","0,00","0,00","0,00","0,00","7,26","0,54","0,00","0,00","2,42","2,42","0,00","0,00","0,00","0,00","10,75","1,34","0,00","0,81","1,61","0,54","0,00","4,84","0,81","3,49","0,27","1,88","0,54","1,08","0,27","0,00","0,27","0,81","12,37","2,69","6,45","3,76","3,49","1,08","1,61","0,00","0,00","1,88","0,00","0,00","0,00","0,00","11,29","4,30","5,38","0,00","0,00","0,00","0,00","0,00","1,61","0,00","0,00","0,00"
jl14.txt,1,946,"49,79","24,84","70,93","47,04","13,21","7,82","0,00","0,63","0,32","7,40","2,54","5,39","13,53","8,35","0,63","2,43","4,23","0,00","3,91","15,64","5,18","2,54","0,85","1,16","0,11","0,63","0,00","0,53","1,80","0,53","1,27","0,32","0,00","0,00","0,00","9,09","0,11","0,00","0,74","4,76","3,07","2,33","0,42","1,06","0,63","17,86","2,01","1,06","0,11","0,42","1,16","0,42","8,46","1,37","2,43","0,11","1,06","0,74","1,16","0,42","0,21","0,21","0,53","8,46","1,90","5,50","2,43","2,64","2,75","0,53","0,00","0,42","0,63","0,42","0,00","0,00","0,00","15,43","2,11","6,34","0,21","0,11","0,00","0,00","0,00","6,45","0,00","0,21","0,00"
jl15.txt,1,828,"59,14","23,91","67,15","46,62","13,89","7,73","0,00","0,12","0,24","7,61","1,93","6,16","11,35","8,09","0,72","1,21","5,31","0,00","2,05","15,70","7,37","0,85","0,85","1,57","0,12","0,36","0,00","0,97","1,57","1,45","0,72","0,72","0,00","0,00","0,00","7,37","0,36","0,00","0,48","1,81","1,93","0,24","0,00","0,00","0,00","17,39","1,33","1,45","0,12","2,05","0,60","0,36","7,97","2,29","1,09","0,12","0,72","0,12","0,97","0,60","0,60","0,00","0,12","6,64","1,93","3,99","1,09","3,62","1,81","0,97","0,24","0,12","0,97","0,00","0,36","0,00","0,00","13,77","1,81","5,92","0,24","0,72","0,00","0,00","0,24","4,11","0,24","0,48","0,00"
jl16.txt,1,876,"39,82","23,86","67,24","46,12","12,79","6,62","0,23","0,00","0,00","5,82","2,40","6,16","12,67","8,45","0,80","0,80","7,19","0,00","3,42","14,38","6,28","1,03","1,37","1,71","0,00","1,14","0,00","0,11","2,17","1,60","2,05","0,68","0,00","0,00","0,00","5,94","0,57","0,11","0,34","2,74","2,17","0,91","0,23","0,34","0,11","17,81","2,51","0,68","0,57","0,91","0,80","0,11","7,08","1,03","2,74","0,57","0,57","0,57","1,14","0,34","0,11","0,00","0,80","5,48","1,03","4,22","1,26","3,77","1,71","0,91","1,14","1,37","0,80","0,00","0,34","0,00","0,00","12,56","2,51","5,02","0,00","0,00","0,11","0,00","0,00","4,11","0,23","0,46","0,11"
jl17.txt,1,321,"40,12","22,74","72,90","45,79","15,26","6,85","0,00","0,62","0,31","6,85","1,25","8,41","11,53","10,28","0,00","2,49","7,79","0,00","2,80","15,89","4,98","1,87","0,31","0,93","0,00","0,00","0,00","0,62","2,49","1,25","0,62","0,00","0,00","0,00","0,00","7,17","0,31","0,00","0,62","2,80","0,62","2,18","1,25","0,93","0,00","20,25","0,62","0,93","1,25","0,62","0,93","0,62","9,35","0,93","3,12","0,93","0,62","1,25","1,56","0,31","0,93","0,00","0,62","6,85","0,00","6,54","0,31","3,43","1,87","1,87","0,31","0,31","0,31","0,31","0,31","0,00","0,00","16,51","2,49","6,23","0,31","0,00","0,00","0,00","0,00","5,61","0,00","1,87","0,00"
jl18.txt,1,820,"51,25","17,44","74,76","50,00","17,20","9,88","1,59","0,49","0,24","8,29","2,32","7,32","13,54","11,10","0,98","3,29","6,71","0,00","3,66","13,66","5,37","0,85","1,83","1,46","0,00","1,59","0,00","0,00","3,78","0,61","1,22","0,12","0,00","0,00","0,00","7,68","0,49","0,37","0,24","3,90","2,68","1,22","0,49","0,37","0,24","21,34","3,05","0,49","0,61","1,83","1,71","0,98","8,05","1,34","3,17","0,73","0,61","1,10","0,61","0,12","0,00","0,00","0,49","9,88","1,83","5,61","3,05","1,95","2,07","0,37","0,12","0,49","1,46","0,00","0,37","0,24","0,00","14,27","1,95","5,24","0,85","0,00","0,12","0,00","0,00","5,61","0,24","0,24","0,00"
jl19.txt,1,318,"39,75","22,01","71,07","47,48","10,69","4,72","0,31","0,00","0,00","4,09","1,89","5,97","15,41","9,43","0,63","3,14","5,66","0,00","4,40","14,78","5,66","2,52","0,31","2,52","0,31","0,94","0,00","0,31","2,83","0,63","1,26","0,31","0,00","0,00","0,00","6,60","0,63","0,00","0,00","2,20","2,20","0,31","0,00","0,00","0,00","17,30","0,94","1,57","0,63","1,89","0,63","0,63","6,29","2,20","3,46","0,00","2,20","0,31","1,57","0,63","0,31","0,00","0,63","8,49","2,52","3,77","2,83","3,77","3,77","0,63","0,31","0,31","0,31","0,31","0,00","0,00","0,00","15,41","2,52","5,03","0,00","0,31","0,00","0,00","0,31","7,23","0,00","0,00","0,00"
jl20.txt,1,336,"37,33","28,87","70,54","42,26","9,52","6,55","0,89","0,60","0,00","5,36","0,30","2,98","16,07","10,71","1,19","1,79","6,85","0,00","1,49","13,10","5,36","0,30","0,89","0,89","0,00","0,60","0,00","2,38","1,49","0,89","0,89","0,89","0,30","0,00","0,00","3,87","0,00","0,00","0,00","1,19","1,79","0,60","0,00","0,00","0,00","15,48","3,27","1,49","0,00","0,30","1,19","0,89","6,85","0,60","1,49","0,60","0,30","0,89","0,30","0,30","0,00","0,00","0,00","8,63","3,87","2,68","2,68","8,04","6,85","0,89","0,30","0,30","0,30","0,00","0,00","0,00","0,00","16,37","2,68","7,44","1,19","0,60","0,00","0,00","0,00","3,87","0,00","0,60","0,00"
ob01.txt,1,343,"19,06","26,24","58,89","39,07","8,75","4,37","0,00","0,00","0,00","4,37","1,46","4,37","11,08","4,66","0,00","0,58","3,21","0,00","2,33","13,41","7,00","0,29","0,58","0,29","0,58","0,29","0,00","0,58","1,17","0,29","0,58","0,00","0,00","0,00","0,00","4,96","0,00","0,00","0,29","2,62","1,46","1,46","0,29","1,46","0,00","15,45","0,58","1,46","0,00","0,87","0,87","0,00","9,33","1,75","1,17","0,29","0,00","0,00","2,33","1,17","0,00","0,29","1,75","8,75","0,58","5,54","3,50","1,17","1,17","0,29","0,00","0,29","0,29","0,00","0,00","0,00","0,00","12,83","5,25","5,25","0,58","0,87","0,00","0,00","0,87","0,00","0,00","0,00","0,00"
ob02.txt,1,334,"18,56","20,06","70,06","50,30","15,57","11,38","3,89","0,00","1,80","5,99","1,20","4,19","9,58","8,98","0,30","3,29","5,09","0,00","7,19","11,38","8,08","5,09","2,40","1,80","0,30","0,90","0,30","0,00","3,29","0,60","0,00","0,00","0,00","1,50","0,00","8,38","0,30","0,00","0,60","2,40","0,90","1,80","0,00","1,80","0,00","16,17","0,90","0,30","1,20","1,80","1,50","0,60","8,98","3,59","2,99","0,00","2,10","0,30","1,20","0,00","0,60","0,60","0,30","8,68","1,20","3,59","3,89","0,90","0,90","1,20","0,30","0,60","1,50","0,00","0,00","0,00","0,00","10,18","3,89","4,49","0,00","0,00","0,30","1,50","0,00","0,00","0,00","0,00","0,00"
ob03.txt,1,411,"16,44","18,73","74,94","49,64","12,65","8,03","0,49","0,49","0,24","5,84","3,41","4,62","13,14","12,17","0,00","2,19","9,49","0,00","4,38","7,30","15,09","2,19","0,97","2,68","0,00","0,24","0,00","0,49","2,92","3,16","0,97","1,70","0,00","0,00","0,00","7,06","0,97","0,24","0,73","3,65","2,92","0,49","0,00","0,00","0,00","26,52","3,41","6,08","1,70","3,89","0,49","0,49","6,33","1,95","3,89","2,19","0,24","0,73","2,19","0,97","0,00","0,49","0,73","3,89","1,70","1,22","0,97","3,16","3,41","0,49","0,24","0,00","0,73","0,00","0,73","0,24","0,00","13,63","5,35","6,08","0,49","0,97","0,73","0,00","0,00","0,00","0,00","0,00","0,00"
ob04.txt,1,762,"20,59","25,59","70,21","44,75","9,45","4,33","0,00","0,26","0,00","4,07","1,18","5,12","10,63","7,87","0,13","2,36","4,86","0,00","2,89","16,14","6,69","0,92","1,84","1,57","0,00","0,13","0,00","0,13","1,18","0,39","1,18","0,39","0,00","0,00","0,00","4,86","0,52","0,39","0,13","4,33","2,36","1,71","0,52","0,92","0,26","19,82","2,49","0,52","1,18","3,54","1,31","1,05","6,43","3,15","3,41","1,31","0,39","0,13","1,71","0,00","0,66","0,00","1,05","9,71","2,23","5,25","3,15","1,44","1,31","1,18","0,52","0,92","0,00","0,26","0,26","0,00","0,00","10,50","4,46","4,59","0,00","0,00","0,26","0,13","0,79","0,00","0,00","0,26","0,00"
ob05.txt,1,857,"15,04","19,60","67,91","44,46","14,12","8,40","0,00","0,00","0,58","8,17","3,15","5,72","9,57","9,92","1,28","1,52","7,23","0,00","3,50","11,32","8,17","2,22","1,98","0,70","0,00","0,70","0,00","0,00","4,78","0,82","1,05","0,12","0,00","0,00","0,00","7,70","0,00","0,00","0,47","2,57","1,63","0,70","0,35","0,23","0,00","21,35","2,45","0,93","0,82","4,67","1,17","0,82","7,12","3,73","1,75","0,35","0,35","0,23","0,70","0,12","0,00","0,00","0,58","7,12","1,75","4,20","1,98","2,45","2,10","1,40","0,00","0,47","0,70","0,00","0,35","0,00","0,00","11,55","6,65","3,85","0,23","0,58","0,00","0,00","0,23","0,00","0,00","0,00","0,00"
ob06.txt,1,431,"11,97","22,51","67,52","47,56","14,85","9,98","0,00","0,00","0,00","9,98","4,64","4,87","12,53","8,58","0,23","0,23","7,66","0,00","2,32","14,39","8,12","2,09","0,23","3,02","0,00","0,00","0,00","0,00","2,55","0,46","0,46","0,00","0,00","0,00","0,00","6,26","0,00","0,00","0,70","3,25","2,09","1,39","0,00","0,70","0,00","17,87","1,16","0,23","0,93","5,10","0,70","1,16","7,66","3,48","0,93","0,00","0,00","0,46","1,16","0,00","0,70","0,00","0,46","5,80","0,70","3,48","1,62","2,55","1,86","0,93","0,00","0,93","0,23","0,00","0,23","0,46","0,00","12,53","8,35","3,25","0,00","0,00","0,00","0,00","0,93","0,00","0,00","0,00","0,00"
ob07.txt,1,707,"17,67","25,18","71,43","45,97","12,59","7,92","0,00","0,42","0,00","7,21","3,54","4,67","12,45","8,49","0,28","0,99","6,22","0,00","1,98","13,58","7,21","1,56","1,70","1,13","0,00","0,57","0,00","0,00","2,12","0,85","1,41","0,71","0,00","0,00","0,00","8,63","0,57","0,14","0,57","6,22","3,11","3,25","0,42","1,84","0,42","20,79","1,84","1,27","0,99","2,69","0,57","0,28","7,92","2,26","2,69","0,57","0,57","0,42","2,40","0,71","0,14","0,14","1,56","6,93","0,85","4,95","1,56","1,84","1,70","0,71","0,14","0,85","0,14","0,14","0,00","0,00","0,00","11,46","5,66","3,82","0,42","1,27","0,00","0,00","0,28","0,00","0,00","0,00","0,00"
ob08.txt,1,184,"13,14","14,13","80,43","53,26","23,37","12,50","0,00","0,54","0,00","12,50","2,72","10,87","10,33","12,50","0,00","0,00","11,96","0,00","8,70","5,98","9,78","7,07","1,63","0,54","0,00","0,00","0,00","0,00","1,63","0,00","0,00","0,00","0,00","0,00","0,00","11,41","0,00","0,00","0,54","2,17","0,00","5,43","0,00","0,54","3,80","25,00","1,63","0,54","1,09","1,63","0,54","1,63","6,52","2,72","1,63","0,00","1,09","0,00","2,72","0,00","1,63","0,54","0,54","5,98","1,63","3,26","1,09","0,00","2,17","2,17","1,63","0,00","0,00","5,43","0,00","0,00","0,00","9,78","7,07","0,54","0,54","0,00","0,54","0,00","1,09","0,00","0,00","0,00","0,00"
ob09.txt,1,580,"20,00","23,45","70,34","48,28","15,86","9,14","0,00","0,00","0,52","8,79","3,97","6,72","11,03","8,79","0,52","0,52","7,07","0,00","4,48","11,90","8,79","2,41","1,90","0,52","0,17","0,52","0,00","0,00","2,59","0,17","1,21","0,52","0,00","0,00","0,00","10,69","1,72","0,00","1,38","2,93","1,38","1,38","0,17","0,34","0,34","20,34","1,90","0,69","1,21","6,03","1,03","0,17","4,14","6,21","1,72","0,17","0,52","0,17","1,03","0,17","0,17","0,00","0,69","5,69","0,52","3,45","1,90","1,90","1,55","1,03","0,17","0,86","0,17","0,17","0,00","0,00","0,00","10,52","5,00","3,97","0,52","0,34","0,00","0,00","0,69","0,00","0,00","0,00","0,00"
ob10.txt,1,3459,"22,03","21,45","71,47","47,12","12,89","6,71","0,26","0,32","0,20","6,07","3,15","6,19","10,84","9,02","0,52","1,01","7,00","0,06","3,67","14,14","7,17","1,85","1,47","0,95","0,09","0,66","0,00","0,14","2,72","0,87","1,10","0,35","0,00","0,00","0,00","7,03","0,06","0,06","0,20","4,05","2,98","1,39","0,26","0,61","0,20","19,92","2,08","1,36","1,10","3,21","0,90","0,40","7,14","2,86","2,02","0,17","0,32","0,72","1,42","0,29","0,17","0,26","1,04","7,69","1,36","4,45","2,43","3,58","2,11","0,90","0,29","1,10","0,35","0,12","0,26","0,09","0,00","9,28","4,28","3,93","0,40","0,12","0,23","0,14","0,00","0,00","0,00","0,17","0,00"
ob12.txt,1,689,"14,66","22,21","73,44","50,07","12,63","7,26","0,00","1,16","0,29","6,97","2,18","5,37","11,32","8,42","0,58","1,45","6,68","0,00","5,22","14,66","6,97","3,19","2,03","1,60","0,29","0,29","0,00","0,29","2,61","0,73","0,58","0,15","0,00","0,00","0,00","8,42","0,15","0,15","0,58","4,93","2,32","2,90","0,73","1,31","0,73","19,30","2,18","1,02","1,16","3,34","1,31","0,73","7,69","1,74","2,90","0,44","0,58","0,73","1,02","0,00","0,29","0,15","0,58","7,84","1,02","5,22","1,89","3,34","2,61","0,58","0,44","0,44","0,15","0,00","0,15","0,00","0,00","11,76","6,39","3,19","0,29","0,44","0,29","0,15","1,02","0,00","0,00","0,00","0,00"
ob13.txt,1,592,"21,93","23,14","76,35","51,01","13,51","8,45","0,17","0,34","0,00","7,43","3,55","5,07","10,81","6,25","0,00","0,17","5,41","0,00","3,72","14,70","9,12","3,55","1,18","2,53","0,17","0,34","0,00","0,00","1,18","0,84","1,18","1,35","0,00","0,00","0,00","9,12","0,17","0,00","0,68","7,94","3,21","4,73","0,68","2,53","1,01","21,11","2,53","1,35","1,35","3,21","0,84","0,34","8,78","4,90","2,36","0,51","0,84","0,51","2,20","0,51","1,18","0,34","0,51","6,76","1,18","4,73","1,18","2,20","1,52","0,00","0,00","0,68","0,17","1,52","0,00","0,00","0,00","10,81","4,39","4,22","0,68","0,34","0,17","0,00","1,01","0,00","0,00","0,00","0,00"
ob14.txt,1,184,"14,15","14,13","80,43","53,26","23,37","12,50","0,00","0,54","0,00","12,50","2,72","10,87","10,33","12,50","0,00","0,00","11,96","0,00","8,70","5,98","9,78","7,07","1,63","0,54","0,00","0,00","0,00","0,00","1,63","0,00","0,00","0,00","0,00","0,00","0,00","11,41","0,00","0,00","0,54","2,17","0,00","5,43","0,00","0,54","3,80","25,00","1,63","0,54","1,09","1,63","0,54","1,63","6,52","2,72","1,63","0,00","1,09","0,00","2,72","0,00","1,63","0,54","0,54","5,98","1,63","3,26","1,09","0,00","2,17","2,17","1,63","0,00","0,00","5,43","0,00","0,00","0,00","9,24","6,52","0,54","0,54","0,00","0,54","0,00","1,09","0,00","0,00","0,00","0,00"
ob16.txt,1,374,"16,26","21,39","69,79","43,32","9,36","6,42","1,34","0,00","0,53","5,08","0,53","2,94","11,76","7,49","0,27","0,27","5,88","0,27","3,21","15,78","6,15","1,87","1,60","1,60","0,27","1,34","0,00","0,27","1,34","0,00","0,53","0,00","0,00","0,00","0,00","5,88","0,53","0,53","0,80","4,55","3,21","1,34","0,27","1,07","0,27","16,84","2,67","0,53","0,80","2,14","0,53","0,27","7,22","2,14","2,41","0,80","0,53","0,00","1,34","0,00","0,00","0,53","1,07","8,29","1,60","3,48","3,74","2,67","0,80","1,34","0,27","0,80","0,80","0,27","0,27","0,27","0,00","14,97","5,88","6,15","1,07","0,00","0,00","0,27","0,53","0,00","0,00","1,07","0,00"
ob17.txt,1,644,"17,41","23,76","65,06","48,14","10,87","5,90","0,00","0,00","0,62","5,59","2,48","4,97","11,65","7,14","0,16","0,16","6,06","0,00","3,88","14,29","9,16","2,02","1,86","0,47","0,16","0,31","0,16","0,16","1,24","0,78","0,78","0,31","0,00","0,00","0,00","6,52","0,16","0,00","0,31","4,35","2,64","1,71","0,16","1,24","0,31","19,10","0,93","0,78","0,78","4,04","0,78","0,00","7,45","4,81","2,02","0,00","0,31","0,93","1,24","0,47","0,00","0,16","0,78","4,97","1,86","2,33","0,78","2,17","1,09","0,00","0,00","0,78","0,47","0,16","0,62","0,00","0,00","9,01","5,43","2,95","0,00","0,31","0,00","0,31","0,00","0,00","0,00","0,00","0,00"
ob18.txt,1,653,"14,51","22,21","69,53","44,72","8,88","6,43","0,46","1,07","0,15","5,82","1,53","2,45","12,86","10,26","1,38","1,23","7,96","0,00","3,98","13,17","8,27","2,60","1,23","1,07","0,15","1,23","0,00","0,00","3,37","1,07","1,84","0,00","0,00","0,15","0,00","6,43","0,15","2,14","0,31","4,59","1,99","2,30","0,31","1,23","0,15","18,68","1,68","1,23","0,92","2,60","0,61","0,15","6,89","4,29","1,84","0,31","0,61","0,31","1,53","0,31","0,46","0,31","0,77","5,82","1,84","3,22","1,68","0,92","0,92","0,15","0,15","0,61","0,31","0,31","0,00","0,15","0,00","12,71","6,28","3,37","0,92","0,61","0,61","0,00","0,61","0,00","0,00","0,00","0,31"
ob19.txt,1,594,"14,49","25,76","64,14","45,62","12,12","8,08","0,00","0,00","0,00","6,90","4,55","4,04","11,11","8,25","0,17","0,67","6,90","0,00","3,03","12,29","9,09","1,18","1,68","0,17","0,17","0,34","0,00","0,00","1,85","1,68","2,02","1,18","0,00","0,00","0,00","8,25","0,00","0,00","0,34","3,37","2,53","0,67","0,17","0,67","0,00","17,34","1,01","0,67","1,01","2,69","1,18","0,51","6,40","2,19","1,35","0,34","0,34","0,34","1,01","0,34","0,17","0,00","0,51","5,89","2,02","2,19","2,19","2,86","1,85","0,67","0,00","0,67","0,00","0,00","0,34","0,17","0,00","14,81","6,40","6,23","0,00","0,51","0,51","0,00","0,84","0,00","0,00","0,34","0,00"
ob20.txt,1,977,"22,20","23,03","66,43","46,37","7,57","3,89","0,10","0,00","0,10","3,48","1,64","3,68","11,26","4,20","0,41","0,31","3,28","0,10","3,99","14,53","8,90","2,76","1,33","1,02","0,10","0,61","0,00","0,10","1,33","0,72","1,02","0,31","0,00","0,00","0,00","6,35","0,10","0,00","0,72","4,20","2,97","1,74","0,10","0,61","0,31","19,55","0,92","1,23","0,41","2,87","1,23","0,41","9,72","2,46","1,43","0,61","0,00","0,51","1,54","0,61","0,10","0,10","0,82","7,27","1,02","4,09","2,25","2,56","0,92","0,82","0,61","1,33","0,41","0,20","0,20","0,00","0,00","9,62","4,50","3,28","0,51","0,72","0,00","0,00","0,31","0,00","0,00","0,20","0,10"
sr01.txt,1,1416,"32,18","22,95","71,75","46,89","13,42","7,20","0,07","0,28","0,07","6,99","2,54","6,21","11,94","8,55","0,56","1,62","6,07","0,00","3,88","14,12","6,21","2,05","1,48","1,91","0,00","0,56","0,00","0,35","2,75","0,92","0,56","0,42","0,00","0,00","0,00","8,19","0,07","0,21","0,42","4,10","1,77","2,26","0,21","0,99","0,28","19,00","2,40","1,06","1,20","2,05","1,34","0,49","6,78","2,33","2,33","0,42","0,78","0,42","1,91","0,78","0,42","0,14","0,64","8,47","1,77","5,30","2,12","1,98","2,40","1,62","0,35","0,92","0,14","0,28","0,71","0,21","0,00","11,23","3,11","7,70","0,21","0,00","0,00","0,00","0,07","0,00","0,00","0,14","0,00"
sr02.txt,1,707,"23,57","20,51","71,57","46,82","12,87","6,65","0,14","0,42","0,28","6,22","2,69","6,22","11,32","10,04","1,27","1,84","6,93","0,00","6,22","11,17","6,65","3,82","1,41","1,27","0,00","0,85","0,00","0,42","2,83","1,13","1,70","0,14","0,00","0,00","0,00","8,20","0,71","0,14","0,85","3,39","1,70","0,85","0,00","0,14","0,14","21,92","2,26","1,13","1,56","2,26","1,84","1,13","6,51","3,39","2,40","0,85","0,71","0,71","0,71","0,14","0,28","0,00","0,28","11,03","1,70","5,09","4,53","3,11","1,70","0,42","0,00","0,28","0,00","0,14","0,57","0,14","0,00","10,89","4,10","5,94","0,28","0,14","0,00","0,28","0,14","0,00","0,00","0,00","0,00"
sr03.txt,1,834,"28,76","20,98","68,35","47,00","12,47","6,47","0,12","0,00","0,24","5,88","1,92","6,00","11,99","8,63","0,96","2,16","6,12","0,00","3,96","15,47","5,52","2,16","1,08","2,16","0,00","0,48","0,00","0,24","2,28","1,44","0,60","0,36","0,00","0,00","0,00","7,91","0,12","0,00","0,84","2,40","0,96","0,84","0,00","0,60","0,00","16,79","1,68","0,96","1,20","3,12","0,84","0,48","4,56","2,04","1,92","0,60","0,72","0,00","0,96","0,36","0,00","0,00","0,72","7,43","1,56","4,92","1,92","2,88","1,08","1,20","0,24","0,72","0,24","0,00","0,00","0,48","0,00","9,95","3,48","6,35","0,12","0,00","0,00","0,00","0,00","0,00","0,00","0,00","0,00"
sr04.txt,1,1623,"25,76","20,58","70,30","46,27","13,80","7,09","0,80","0,06","0,49","5,91","1,97","6,72","12,26","7,95","0,74","2,28","4,62","0,00","3,20","14,05","5,18","1,60","1,42","2,40","0,00","1,17","0,06","0,12","2,90","0,68","0,80","0,55","0,00","0,00","0,00","7,46","0,74","0,31","0,37","2,96","1,97","1,36","0,18","0,55","0,18","17,50","2,65","1,17","0,43","1,29","0,55","0,55","6,47","2,22","2,46","0,49","0,49","0,74","1,23","0,49","0,06","0,06","0,68","10,35","1,97","6,10","2,77","2,16","2,34","0,86","0,12","1,11","0,25","0,12","0,06","0,00","0,00","10,97","3,70","6,84","0,12","0,06","0,18","0,00","0,06","0,00","0,00","0,00","0,00"
sr05.txt,1,1376,"28,08","23,98","71,80","48,55","13,08","7,27","0,15","0,07","0,15","7,12","2,47","5,81","12,57","7,92","1,09","2,25","4,94","0,00","3,85","15,26","5,52","1,60","2,11","2,62","0,00","0,73","0,00","0,07","2,62","0,36","1,02","0,44","0,00","0,00","0,00","9,59","0,73","0,00","2,18","3,63","1,38","1,74","0,22","1,09","0,22","17,22","1,53","1,02","0,44","1,67","1,02","0,80","7,27","2,11","1,60","0,22","0,36","0,22","0,94","0,15","0,07","0,07","0,65","10,32","1,60","6,10","3,27","2,03","2,47","0,65","0,22","0,73","0,94","0,15","0,15","0,00","0,00","10,17","3,56","6,32","0,29","0,00","0,00","0,00","0,00","0,00","0,00","0,00","0,00"
sr06.txt,1,660,"47,14","18,79","68,79","47,73","15,00","8,03","0,00","0,15","0,15","7,73","3,18","6,97","13,48","9,55","1,06","1,52","6,82","0,00","3,33","13,48","4,39","1,21","1,36","1,67","0,15","0,45","0,00","0,00","3,18","0,76","0,91","0,61","0,00","0,00","0,00","8,18","0,15","0,00","0,15","3,18","1,52","1,36","0,15","0,45","0,45","17,88","1,67","0,76","1,52","3,48","1,36","0,30","4,70","2,42","1,97","0,15","0,30","0,45","1,21","0,00","0,15","0,00","1,06","9,70","2,12","5,00","3,79","1,21","1,97","0,76","0,00","0,30","0,15","0,15","0,30","0,00","0,00","8,03","2,12","5,30","0,15","0,45","0,00","0,00","0,00","0,00","0,00","0,00","0,00"
sr07.txt,1,1112,"25,86","21,31","72,21","46,76","13,22","7,55","0,00","0,00","0,36","7,10","2,70","5,67","12,95","8,81","0,27","1,53","6,47","0,00","2,70","15,38","5,67","1,53","0,72","1,35","0,09","0,81","0,00","0,09","2,16","0,72","2,43","0,18","0,00","0,00","0,00","8,27","0,18","0,00","0,27","4,41","1,08","2,88","0,36","1,44","0,36","17,18","1,98","0,63","0,90","1,17","1,62","0,81","6,56","2,34","2,70","0,45","0,99","0,72","2,52","1,26","0,27","0,90","0,81","9,98","1,98","6,03","2,79","2,34","1,44","0,81","0,18","0,54","0,27","0,09","0,27","0,09","0,00","11,33","3,51","6,83","0,36","0,09","0,36","0,00","0,00","0,00","0,00","0,18","0,00"
sr08.txt,1,1293,"30,07","21,35","72,16","47,80","15,00","8,28","0,00","0,00","0,93","7,89","2,01","6,73","12,45","9,36","0,54","1,78","6,88","0,00","3,79","13,92","5,80","2,01","1,39","1,08","0,39","0,39","0,08","0,00","3,25","0,85","1,08","0,23","0,00","0,15","0,00","8,74","0,23","0,08","0,46","3,40","2,09","1,31","0,23","0,70","0,15","18,02","2,17","1,01","0,31","2,63","0,70","0,39","5,88","2,63","3,33","0,23","1,01","1,47","1,55","0,62","0,39","0,15","0,62","8,04","0,77","5,10","2,24","1,93","1,70","0,54","0,08","0,70","0,00","0,46","0,23","0,08","0,00","9,98","3,33","5,96","0,46","0,08","0,00","0,00","0,00","0,00","0,00","0,15","0,00"
sr09.txt,1,1126,"20,47","19,63","75,58","50,18","12,43","5,68","0,62","0,44","0,09","5,06","1,78","6,75","11,01","9,15","0,53","2,31","5,68","0,00","4,26","15,36","7,19","1,69","1,78","2,93","0,09","1,24","0,00","0,27","2,22","0,89","1,42","0,71","0,00","0,00","0,00","8,35","0,89","0,00","0,71","3,82","1,95","1,42","0,00","0,98","0,27","21,94","2,93","1,78","1,33","3,91","1,60","0,53","8,08","2,31","1,87","0,44","0,44","0,62","1,60","0,44","0,53","0,36","0,62","10,30","2,75","4,53","4,00","1,87","1,42","1,07","1,07","0,36","0,36","0,09","0,00","0,09","0,00","12,26","3,46","6,93","0,27","0,09","1,51","0,00","0,00","0,00","0,00","0,00","0,00"
sr10.txt,1,1102,"26,24","20,69","70,96","47,01","13,34","7,99","0,00","0,09","0,18","7,53","2,81","5,35","13,79","7,71","0,73","1,72","5,17","0,00","2,36","15,43","5,17","1,72","1,00","1,81","0,09","0,45","0,09","0,18","2,27","1,00","0,45","1,00","0,00","0,00","0,00","8,44","0,45","0,00","0,09","2,27","0,73","1,54","0,00","0,82","0,27","16,33","2,09","1,18","0,45","1,63","1,36","0,00","6,53","2,36","2,54","1,27","0,54","0,91","1,09","0,82","0,00","0,18","0,27","9,07","1,63","5,54","2,54","2,00","0,73","2,00","0,45","0,64","0,09","1,00","0,45","0,00","0,00","11,16","3,81","6,44","0,64","0,00","0,09","0,00","0,09","0,00","0,00","0,00","0,09"
sr11.txt,1,708,"23,60","20,34","71,47","46,89","12,71","6,50","0,14","0,42","0,28","6,07","2,68","6,21","11,44","10,03","1,27","1,84","6,92","0,00","6,21","11,16","6,64","3,81","1,41","1,41","0,00","0,85","0,00","0,42","2,82","1,13","1,69","0,14","0,00","0,00","0,00","8,05","0,71","0,14","0,85","3,25","1,55","0,85","0,00","0,14","0,14","21,75","2,26","1,13","1,55","2,26","1,84","1,13","6,50","3,39","2,40","0,85","0,71","0,71","0,71","0,14","0,28","0,00","0,28","11,02","1,69","5,08","4,52","3,11","1,69","0,42","0,00","0,28","0,00","0,14","0,56","0,14","0,00","10,88","4,10","5,93","0,28","0,14","0,00","0,28","0,14","0,00","0,00","0,00","0,00"
sr12.txt,1,1305,"36,25","21,76","71,72","48,58","14,94","8,51","0,15","0,00","0,23","7,89","2,61","6,44","13,18","7,97","1,07","2,61","4,67","0,00","4,29","15,02","5,13","2,07","1,15","2,15","0,08","0,46","0,00","0,23","2,22","0,84","0,84","0,38","0,00","0,00","0,00","8,05","0,38","0,15","0,23","2,61","1,84","0,77","0,08","0,38","0,08","17,93","1,69","0,77","0,84","1,99","0,84","0,23","5,52","2,15","2,53","0,38","1,00","0,15","1,46","0,69","0,00","0,00","0,84","8,74","1,61","4,67","3,14","3,14","2,07","0,61","0,23","1,38","0,15","0,00","0,31","0,00","0,00","8,81","2,84","5,82","0,00","0,00","0,00","0,00","0,00","0,00","0,00","0,15","0,00"
sr13.txt,1,1298,"27,62","24,35","69,72","47,15","14,56","9,63","0,08","0,08","0,31","9,32","3,24","4,93","13,87","8,01","0,85","1,23","5,55","0,00","3,00","14,79","5,32","1,08","1,39","2,31","0,08","1,00","0,00","0,08","3,24","0,39","0,69","0,31","0,00","0,08","0,00","7,70","0,15","0,00","0,31","3,24","2,00","1,16","0,23","0,62","0,15","16,72","2,39","1,31","0,46","3,00","0,62","0,31","5,62","2,08","2,47","0,39","0,62","0,39","1,69","0,31","0,39","0,08","1,00","9,24","1,31","6,16","2,62","2,08","1,23","0,31","0,15","0,69","0,15","0,00","0,15","0,00","0,00","9,40","3,62","5,39","0,39","0,00","0,00","0,00","0,00","0,00","0,00","0,00","0,00"
sr14.txt,1,1331,"28,93","22,24","73,25","47,78","15,33","7,66","0,23","0,45","0,08","7,44","2,40","7,66","11,65","10,59","1,13","2,10","8,04","0,00","3,31","13,15","5,79","1,13","1,43","1,95","0,00","0,68","0,00","0,38","3,31","1,05","1,80","0,23","0,00","0,00","0,00","8,87","0,23","0,00","0,45","2,63","1,05","1,05","0,15","0,60","0,15","21,49","2,25","1,50","0,98","1,58","1,88","0,23","7,14","1,80","2,18","0,53","0,75","0,30","1,20","0,45","0,15","0,08","0,68","10,74","1,95","6,46","3,23","2,25","1,20","0,68","0,23","0,45","0,23","0,08","0,30","0,08","0,00","9,47","3,23","5,63","0,30","0,00","0,30","0,00","0,00","0,00","0,00","0,00","0,00"
sr15.txt,1,1224,"21,10","17,73","72,39","46,90","14,30","7,84","0,33","0,25","0,49","7,43","2,04","6,45","12,66","9,23","0,49","1,80","6,78","0,00","2,78","14,79","5,07","1,14","1,31","3,27","0,08","1,47","0,00","0,57","3,35","0,41","1,72","0,49","0,00","0,00","0,00","8,50","0,65","0,16","0,98","3,02","1,88","0,82","0,16","0,41","0,08","18,14","2,70","0,98","0,57","1,63","0,90","0,49","5,88","1,80","2,70","0,65","0,90","0,33","1,06","0,16","0,25","0,16","0,57","8,66","1,55","4,74","3,10","2,86","1,31","0,82","0,49","0,41","0,25","0,25","0,08","0,08","0,00","10,87","4,74","5,15","0,65","0,08","0,00","0,08","0,00","0,00","0,00","0,16","0,00"
sr16.txt,1,1061,"31,21","21,21","71,91","45,71","15,83","8,01","0,28","0,57","0,47","7,45","2,45","7,82","9,80","11,31","1,04","1,79","8,20","0,00","2,92","13,95","5,00","1,32","1,13","1,79","0,09","0,57","0,00","0,28","3,68","0,38","1,13","0,38","0,00","0,00","0,00","9,52","0,66","0,47","0,28","3,20","2,07","0,94","0,09","0,19","0,57","19,98","3,11","1,51","0,66","1,89","0,94","0,38","6,41","1,98","3,20","0,57","0,94","0,47","0,85","0,19","0,00","0,00","0,66","8,20","1,41","5,56","1,70","3,02","2,54","0,57","0,38","1,41","0,09","0,28","0,38","0,09","0,00","9,71","3,20","6,41","0,09","0,00","0,00","0,00","0,00","0,00","0,00","0,00","0,00"
sr17.txt,1,4613,"18,45","19,45","73,42","48,10","15,54","8,63","0,43","0,65","0,76","7,35","2,23","6,92","10,45","11,03","0,67","2,08","7,80","0,02","4,12","13,55","5,92","2,02","1,63","2,19","0,02","1,02","0,09","0,33","3,47","1,21","1,45","0,37","0,00","0,43","0,00","9,30","0,43","0,07","0,74","2,67","1,21","1,26","0,17","0,74","0,26","20,10","2,41","1,41","1,17","2,43","1,08","0,26","6,11","2,82","2,45","0,76","0,74","0,43","0,72","0,30","0,09","0,07","0,37","9,84","2,41","4,79","3,40","2,75","2,43","0,61","0,41","0,69","0,07","0,17","0,28","0,09","0,00","11,99","5,27","5,92","0,20","0,02","0,24","0,00","0,09","0,00","0,00","0,22","0,04"
sr18.txt,1,1216,"25,87","21,79","69,16","46,71","11,27","6,83","0,33","0,41","0,00","6,41","1,81","4,44","11,76","8,88","0,66","2,38","4,85","0,00","3,45","16,61","5,51","1,48","1,81","3,04","0,00","1,97","0,00","0,00","2,96","0,66","0,99","0,66","0,00","0,00","0,00","7,32","0,08","0,25","0,82","2,55","1,32","1,23","0,16","0,41","0,58","15,54","2,14","0,74","0,33","1,48","1,15","0,33","6,25","2,80","2,96","1,32","0,49","0,33","2,55","0,90","0,16","0,25","0,90","9,21","1,23","5,18","3,12","1,32","1,32","0,66","0,33","0,33","0,25","0,25","0,16","0,00","0,00","11,60","3,78","7,07","0,25","0,41","0,08","0,00","0,00","0,00","0,00","0,00","0,00"
sr19.txt,1,34676,"17,12","19,27","71,80","47,69","14,06","9,05","1,07","0,25","0,74","7,60","2,90","5,01","10,93","8,92","0,73","3,25","4,40","0,00","3,89","15,06","5,78","1,53","1,70","2,52","0,09","1,58","0,04","0,11","3,05","0,63","0,95","0,35","0,00","0,17","0,00","10,03","0,89","0,19","0,78","2,51","1,31","1,06","0,19","0,49","0,19","17,19","1,77","0,79","0,59","1,85","1,35","0,48","6,75","2,06","2,71","0,84","0,92","0,41","1,44","0,54","0,33","0,18","0,56","9,05","1,88","4,52","3,23","2,40","1,49","0,79","0,74","0,48","0,15","0,15","0,22","0,05","0,00","13,79","5,78","6,12","0,33","0,03","0,17","0,09","0,04","1,12","0,06","0,03","0,01"
sr20.txt,1,36619,"16,69","18,87","71,46","47,66","14,02","9,27","1,24","0,27","0,92","7,62","2,64","4,75","10,95","9,12","0,81","3,59","4,36","0,00","3,99","15,24","5,85","1,62","1,55","2,34","0,07","1,62","0,06","0,16","3,23","0,55","0,84","0,32","0,01","0,19","0,00","9,67","0,59","0,12","0,48","2,69","1,52","1,11","0,19","0,43","0,25","16,80","1,76","0,92","0,62","1,82","1,26","0,39","6,66","2,10","3,00","0,69","1,28","0,44","1,58","0,52","0,31","0,16","0,72","9,43","2,12","4,62","3,32","2,21","1,66","0,89","0,58","0,54","0,17","0,19","0,22","0,13","0,00","14,08","6,01","6,11","0,40","0,01","0,20","0,05","0,04","1,20","0,04","0,01","0,02"
vm01.txt,1,358,"17,05","18,99","71,23","45,53","15,92","9,22","1,68","0,00","1,12","5,31","3,91","6,70","12,29","10,89","0,84","0,28","10,61","0,00","1,96","11,45","4,75","0,56","2,23","0,28","0,00","1,68","0,56","0,00","2,23","1,68","1,68","0,56","0,00","1,12","0,00","12,57","0,00","0,28","0,56","3,91","3,91","1,40","0,00","0,28","0,56","19,55","2,23","1,40","1,68","2,51","1,12","0,28","5,31","1,12","0,84","0,28","0,28","0,00","0,84","0,28","0,00","0,56","0,28","7,82","1,12","5,03","2,23","2,79","2,23","1,96","0,00","1,40","0,00","1,12","0,28","0,00","0,00","13,41","4,47","6,42","0,56","0,00","1,40","0,00","0,00","0,00","0,00","0,56","0,00"
vm02.txt,1,923,"34,19","24,16","74,54","46,37","13,43","9,10","0,65","0,00","0,11","8,23","1,95","4,33","16,25","8,45","0,98","1,73","5,85","0,00","2,49","15,49","3,79","1,84","1,30","1,63","0,00","0,76","0,00","0,11","2,71","1,08","0,76","0,33","0,11","0,00","0,00","7,69","0,54","0,11","0,76","3,68","2,17","1,95","0,00","1,52","0,11","16,25","1,84","0,87","0,76","1,63","0,98","0,33","6,07","1,52","1,73","0,54","0,33","0,22","0,76","0,00","0,43","0,00","0,33","8,13","0,98","5,53","2,06","5,74","2,38","0,98","0,22","0,00","0,11","0,11","0,22","0,11","0,00","8,88","2,93","4,98","0,33","0,54","0,11","0,00","0,00","0,00","0,00","0,00","0,00"
vm03.txt,1,274,"30,44","24,09","71,17","44,53","13,50","6,93","0,73","0,36","0,73","6,20","2,55","6,57","8,39","9,12","1,46","2,19","6,57","0,00","4,38","14,23","5,84","1,82","1,09","1,09","0,00","0,73","0,00","0,00","4,01","0,00","0,00","0,36","0,00","0,00","0,00","9,12","0,00","0,00","0,00","4,01","2,19","1,82","0,36","1,09","0,00","18,98","1,46","0,36","0,73","2,92","1,46","0,00","6,57","1,46","5,47","0,36","1,09","2,92","2,19","0,73","0,36","0,00","1,09","5,84","1,46","3,28","1,82","3,65","1,46","0,73","1,46","1,09","1,09","0,00","0,00","0,00","0,00","17,88","3,28","6,20","0,00","0,00","0,00","0,00","0,00","8,39","0,00","0,00","0,00"
vm04.txt,1,139,"17,38","23,74","74,10","42,45","12,95","5,04","0,00","0,00","0,00","5,04","2,16","7,91","15,11","14,39","2,88","5,04","8,63","0,00","2,88","10,07","5,04","0,00","0,00","2,88","0,00","2,16","0,00","0,00","5,04","0,72","4,32","0,72","0,00","0,00","0,00","7,91","1,44","0,00","0,00","0,00","0,00","0,00","0,00","0,00","0,00","21,58","2,88","0,72","0,72","2,88","1,44","0,72","6,47","1,44","4,32","0,00","1,44","1,44","1,44","0,72","0,00","0,00","0,72","4,32","0,72","2,16","2,88","4,32","5,04","0,00","0,00","0,00","0,72","0,00","0,00","0,00","0,00","21,58","5,76","4,32","0,00","0,00","0,00","0,00","0,00","11,51","0,00","0,00","0,00"
vm05.txt,1,511,"13,81","15,66","74,17","46,77","14,29","9,20","3,13","0,20","0,59","5,28","1,17","5,09","11,94","12,72","0,59","3,33","8,41","0,00","5,68","13,11","5,09","1,76","2,15","1,17","0,00","2,74","0,00","0,59","3,52","0,78","1,96","0,39","0,00","0,39","0,00","7,83","0,00","0,59","0,98","2,94","1,57","1,17","0,20","0,59","0,39","18,98","2,94","0,98","1,57","2,15","0,78","0,78","4,89","1,37","4,31","1,57","0,98","0,00","2,54","0,20","1,37","0,00","1,17","11,35","2,35","5,09","4,31","1,17","1,17","0,98","0,39","0,59","0,00","0,20","0,00","0,20","0,00","13,50","7,24","5,09","0,39","0,00","0,59","0,20","0,00","0,00","0,00","0,00","0,00"
vm06.txt,1,166,"18,44","21,69","79,52","46,99","13,86","6,02","0,60","0,00","0,00","5,42","1,81","7,83","13,86","12,65","1,81","2,41","9,64","0,00","4,82","9,64","6,02","3,01","2,41","2,41","0,60","3,01","0,00","0,60","3,61","0,60","1,20","0,00","0,00","0,00","0,00","7,83","0,60","0,60","1,81","4,22","2,41","1,81","0,00","0,00","0,00","21,69","1,81","0,60","1,20","3,61","1,81","0,60","3,61","3,01","2,41","1,20","1,20","0,00","1,20","0,60","0,60","0,00","0,60","9,64","4,22","3,61","1,81","4,22","5,42","1,81","0,00","1,81","0,00","1,20","0,60","0,00","0,00","8,43","5,42","2,41","0,00","0,60","0,00","0,00","0,00","0,00","0,00","0,00","0,00"
vm07.txt,1,227,"17,46","14,54","77,09","48,46","15,86","11,01","0,44","0,00","0,44","9,69","4,85","4,85","15,86","16,74","0,88","1,32","13,22","0,00","3,08","12,78","4,41","0,88","1,32","1,32","0,44","0,44","0,00","0,00","3,52","0,44","1,76","0,44","0,00","0,00","0,00","13,66","0,00","0,00","0,88","6,17","2,64","3,08","0,00","2,20","0,44","17,18","3,52","0,88","1,32","2,20","0,88","0,44","4,85","0,44","3,08","0,00","0,88","1,32","0,88","0,44","0,00","0,44","0,44","7,49","1,32","3,08","3,08","2,64","2,20","1,76","0,00","0,44","0,00","0,00","0,00","0,44","0,00","17,18","6,17","3,96","0,88","0,00","0,88","0,00","3,96","0,00","0,00","0,00","1,32"
vm08.txt,1,615,"51,25","26,18","65,37","44,39","11,71","7,64","0,00","0,00","0,33","7,64","2,60","4,07","13,98","5,85","0,33","1,79","3,74","0,00","1,79","15,12","5,04","0,81","0,33","2,76","0,00","0,33","0,00","0,00","1,63","0,16","0,81","0,33","0,00","0,00","0,00","7,80","0,16","0,00","0,00","3,25","1,14","1,79","0,16","0,81","0,33","14,96","1,14","1,46","0,49","1,14","0,65","0,81","6,50","1,46","1,30","0,49","0,33","0,00","1,14","0,33","0,16","0,00","0,33","5,20","0,98","4,23","0,33","2,11","0,81","1,63","0,49","2,11","0,81","0,33","0,33","0,00","0,00","7,64","1,95","5,20","0,16","0,00","0,00","0,00","0,16","0,16","0,00","0,00","0,00"
vm09.txt,1,335,"33,50","22,99","76,42","49,55","16,72","12,54","2,39","0,30","0,30","9,85","2,09","4,18","12,54","8,96","1,19","2,69","5,37","0,00","3,88","14,63","6,87","0,90","0,90","2,99","0,00","1,79","0,00","0,30","2,09","1,19","1,19","0,30","0,00","0,00","0,00","8,06","0,30","0,30","0,30","3,28","1,49","1,49","0,00","0,90","0,00","17,61","3,88","1,79","1,79","2,09","0,30","0,90","4,78","1,79","2,39","0,30","1,49","0,60","1,19","0,30","0,90","0,00","0,30","8,66","2,39","3,88","4,48","1,49","1,49","1,79","0,00","1,19","0,00","0,60","0,30","0,00","0,00","7,46","2,99","2,69","0,60","0,00","0,00","0,00","0,00","0,00","0,00","1,19","0,00"
vm10.txt,1,432,"25,41","13,43","74,07","51,39","18,52","12,73","4,17","0,00","0,69","8,10","3,24","5,79","11,11","9,72","0,46","2,78","6,48","0,00","5,32","13,66","6,94","0,69","1,62","1,62","0,23","2,08","0,00","0,00","3,01","0,00","0,93","0,00","0,00","0,46","0,00","8,80","0,69","0,00","0,69","2,78","2,55","0,23","0,00","0,23","0,00","20,60","3,01","0,93","0,93","2,31","1,16","0,00","7,41","1,85","5,32","0,46","0,69","3,70","3,24","1,85","0,69","0,00","1,16","10,65","2,08","5,32","3,47","3,24","2,55","0,93","0,23","0,23","0,00","0,00","0,46","0,23","0,00","9,26","3,94","5,09","0,00","0,00","0,23","0,00","0,00","0,00","0,00","0,00","0,00"
vm11.txt,1,325,"23,21","19,69","75,38","44,62","12,92","8,31","0,31","0,31","1,85","6,15","1,23","4,62","11,69","6,77","0,92","1,54","5,23","0,00","2,46","16,62","3,38","0,62","1,54","3,38","1,23","0,92","0,00","0,31","1,85","1,23","0,62","0,31","0,00","1,85","0,00","10,15","0,62","0,00","0,31","6,15","3,69","2,77","0,31","2,46","0,00","12,92","1,54","0,31","1,54","2,46","0,92","0,31","5,85","0,62","2,46","0,62","0,92","0,31","0,92","0,31","0,00","0,00","0,62","12,31","1,85","7,69","2,77","3,08","1,54","2,77","1,54","1,23","0,31","0,00","0,62","0,00","0,00","17,54","5,23","6,15","0,62","0,31","0,00","0,00","0,00","4,92","0,00","0,00","0,31"
vm12.txt,1,429,"30,64","23,78","70,63","44,29","11,19","6,29","0,00","0,23","0,93","6,29","1,17","4,90","12,35","9,79","0,93","2,10","7,23","0,00","3,50","14,92","5,36","0,23","1,17","0,47","0,00","0,93","0,00","0,23","4,20","0,47","1,17","0,00","0,00","0,00","0,00","6,53","0,23","0,47","1,17","3,73","1,40","1,86","0,47","1,40","0,00","16,32","1,63","0,47","1,17","0,93","0,70","0,23","6,99","0,93","2,10","0,23","0,23","0,93","2,56","0,93","0,47","0,23","1,17","8,62","1,63","5,36","1,86","4,90","1,86","1,86","0,23","0,47","0,23","0,00","0,23","0,00","0,00","21,68","2,80","7,46","0,47","0,23","0,47","0,00","0,00","9,79","0,47","0,00","0,00"
vm13.txt,1,236,"39,33","18,64","83,90","51,27","21,19","13,98","0,00","0,00","0,85","13,56","3,81","7,20","13,98","15,25","0,42","0,42","11,86","0,00","2,54","15,25","5,08","2,12","0,42","0,85","0,00","1,69","0,00","0,42","5,93","0,85","3,39","0,00","0,00","0,00","0,00","12,29","0,00","0,00","0,85","9,75","5,93","2,12","1,69","0,85","0,00","19,92","2,97","2,12","1,69","3,81","0,42","0,00","4,24","2,97","5,08","0,42","3,81","0,00","0,85","0,00","0,42","0,00","0,42","5,93","0,85","5,08","0,42","2,54","3,39","0,85","0,00","0,00","0,00","0,00","0,00","0,00","0,00","8,47","2,54","5,93","0,00","0,00","0,00","0,00","0,00","0,00","0,00","0,00","0,00"
vm14.txt,1,364,"18,20","21,70","71,43","43,41","12,64","5,22","0,27","0,82","0,00","4,95","0,55","7,42","15,11","9,62","0,55","1,10","7,69","0,00","0,55","15,11","1,92","0,27","1,37","1,92","0,00","1,37","0,00","0,27","3,30","0,00","1,37","0,00","0,00","0,00","0,00","5,49","0,00","0,00","0,00","4,12","2,47","1,37","0,27","0,55","0,27","20,05","4,12","0,55","0,82","2,47","1,37","0,27","4,95","0,82","2,20","0,55","1,10","0,27","1,10","0,55","0,27","0,00","0,27","6,87","1,65","2,47","2,75","3,30","2,47","1,65","0,00","0,00","0,27","0,00","0,27","0,00","0,00","13,74","4,95","6,32","0,27","0,00","0,55","0,00","0,00","1,65","0,00","0,00","0,00"
vm15.txt,1,2605,"26,86","20,69","76,20","49,83","15,66","10,36","1,88","0,04","0,38","8,21","2,50","5,30","11,94","9,21","1,04","1,92","5,83","0,00","3,76","16,43","5,41","1,34","1,34","1,96","0,15","1,54","0,00","0,04","2,80","0,38","1,07","0,58","0,12","0,00","0,00","9,33","0,08","0,00","0,50","4,26","1,50","2,84","0,31","1,19","0,61","18,73","2,57","1,23","1,04","1,84","0,81","0,42","6,53","2,03","3,76","1,00","1,00","0,61","2,07","0,65","0,15","0,19","1,27","8,52","2,03","4,80","1,92","2,26","1,84","1,27","0,61","1,54","0,04","0,35","0,23","0,15","0,00","11,75","2,92","7,87","0,04","0,00","0,92","0,00","0,00","0,00","0,00","0,00","0,00"
vm16.txt,1,552,"24,00","18,30","70,11","46,74","12,14","7,43","1,63","0,00","0,91","5,25","0,91","4,71","11,96","9,06","1,09","1,09","6,70","0,00","5,07","15,76","4,89","2,72","1,99","2,17","0,18","1,27","0,18","0,36","2,17","0,91","0,72","0,18","0,00","0,36","0,00","5,43","0,18","0,00","0,72","2,90","2,17","1,27","0,00","0,54","0,00","15,94","1,27","0,54","1,09","1,81","1,45","0,36","3,80","1,81","2,72","0,36","0,36","1,81","1,99","0,91","0,72","0,00","0,36","8,33","1,09","5,43","2,17","2,54","2,17","0,36","0,00","0,72","0,36","0,18","0,54","0,00","0,00","19,20","5,80","5,80","0,18","0,54","0,18","0,00","0,00","3,80","1,09","1,45","0,36"
vm17.txt,1,2993,"27,97","21,92","73,17","50,65","13,36","8,59","0,00","0,13","0,33","8,42","2,71","4,78","16,67","7,75","0,50","1,80","5,01","0,00","3,21","16,20","5,71","0,74","0,87","2,21","0,13","0,53","0,00","0,00","2,14","0,43","1,34","0,20","0,00","0,00","0,00","7,89","0,74","0,07","0,53","2,97","1,67","1,30","0,00","0,67","0,07","15,94","1,54","1,10","0,77","2,04","1,20","0,30","5,98","1,87","2,64","0,97","0,27","0,30","1,87","0,57","0,10","0,23","1,27","8,85","2,04","5,41","2,31","2,41","1,80","1,27","0,57","1,30","0,84","0,00","0,23","0,07","0,00","9,36","3,47","4,88","0,00","0,00","0,10","0,00","0,90","0,00","0,00","0,00","0,00"
vm18.txt,1,3483,"43,54","22,80","77,23","51,62","16,37","9,62","0,06","0,14","1,03","9,33","2,64","6,75","13,09","9,65","0,60","2,30","6,46","0,06","4,48","15,36","6,00","1,87","1,84","1,95","0,09","0,92","0,00","0,17","3,50","0,49","2,04","0,17","0,00","0,03","0,00","10,82","0,55","0,46","0,80","3,50","1,44","1,72","0,29","0,92","0,26","19,04","2,64","1,21","1,06","2,67","1,00","0,37","5,86","1,95","3,16","0,66","1,12","0,83","1,38","0,40","0,37","0,06","0,63","9,13","1,92","4,68","2,90","2,35","1,29","0,95","0,60","1,09","0,11","0,14","0,29","0,03","0,00","13,29","5,08","6,75","0,23","0,03","0,40","0,06","0,17","0,00","0,00","0,55","0,03"
vm19.txt,1,364,"26,00","23,35","73,35","46,15","15,11","9,07","1,65","0,00","0,55","6,87","1,65","6,04","10,71","9,07","0,55","1,92","6,04","0,00","3,30","15,38","4,95","1,65","1,37","0,82","0,00","1,10","0,00","0,00","2,47","0,55","1,65","0,55","0,27","0,00","0,00","6,32","0,00","0,27","0,27","4,95","3,30","1,37","0,27","1,37","0,00","16,76","2,20","1,10","0,55","3,02","1,37","0,27","3,85","3,57","3,57","1,10","0,55","0,55","1,10","0,00","0,00","0,27","0,82","8,24","2,20","4,12","2,47","6,04","2,47","1,10","0,27","0,55","0,27","0,55","0,82","0,00","0,00","10,16","3,85","4,95","0,55","0,27","0,00","0,00","0,00","0,00","0,00","0,55","0,00"
vm20.txt,1,311,"17,28","19,94","69,45","43,73","13,83","9,00","2,25","0,00","0,64","6,75","2,25","4,82","11,58","10,61","0,96","2,25","7,40","0,00","5,14","10,93","3,86","4,18","0,96","2,25","0,00","2,57","0,00","0,00","5,14","0,32","1,61","0,00","0,00","0,00","0,00","6,75","0,00","0,00","0,32","2,57","0,96","0,96","0,00","0,32","0,00","18,01","2,57","1,61","1,93","2,25","0,96","0,00","3,22","1,29","3,86","0,96","1,61","1,29","1,29","0,32","0,32","0,00","0,64","8,68","2,25","3,22","3,54","2,89","0,32","1,29","0,32","0,64","0,32","0,00","0,32","0,00","0,00","19,29","6,11","3,86","0,96","0,32","0,00","0,00","0,00","6,11","0,00","0,00","1,93"